Ocupacao_Calculada,E[N]
0.6,1.500851
0.8,3.991892
0.9,9.072039
0.99,953.471344