Ocupacao_Calculada,E[W]
0.6,0.749985
0.8,1.993451
0.9,4.535891
0.99,476.633615